,TOI Number,TIC_Rstar,TIC_Mstar,Rplanet_old,Rplanet_old_e,Mplanet_old,semi_amp_old,ARIADNE_Rstar,ARIADNE_Mstar,ARIADNE_lum,Rplanet_new,Rplanet_new_e,Mplanet_new,semi_amp_new,teff_e_old,teff_e_new,rstar_e_old,rstar_e_new
0,2447.01,1.04,1.05,10.206,0.521054,74.513,2.14,1.0270058990903788,1.05840353880865,1.110798872795098,10.078482890496543,0.0011682691941547123,72.54424964849768,-1,130.9,31.515,0.052,0.0125
1,461.01,0.74,0.8,1.902,1.066955,4.282,1.43,0.7526189972243137,0.8157839105735958,0.28045041779598373,1.9344342334062763,0.0012353063112240576,4.401038077129681,1.452750522877092,140.3,21.775,0.056,0.0095
2,2411.01,0.73,0.64,1.747,1.628687,3.708,3.46,0.6920809636701821,0.7065523210027775,0.12651071768628525,1.6562540322353536,0.0008903543358943935,3.3812556737349246,2.9575063590139257,122.6,41.74,0.069,0.017
3,875.01,0.73,0.67,2.389,2.098464,6.311,2.37,0.7150763925032674,0.7465003084110571,0.15821014378836679,2.340160961219597,0.0016817323184717377,6.080630422572933,2.123330073877074,123.2,44.455,0.063,0.0155
4,1027.02,0.68,0.67,3.122,0.33806,9.949,3.73,0.6529973475223066,0.6871529930512161,0.13323063026950724,2.998026057300943,0.00054925223655483,9.26005546027639,3.416264474595824,122.7,38.92,0.061,0.013000000000000001
5,1027.01,0.68,0.67,2.701,0.264858,7.776,4.37,0.6529973475223066,0.6871529930512161,0.13323063026950724,2.5937438759672795,0.00045450359798087986,7.241162604463324,4.000787161113423,122.7,38.92,0.061,0.013000000000000001
6,1203.01,1.17,1.03,2.901,0.741914,8.78,1.87,1.1532840868375636,1.0301601053976839,1.3622979146176402,2.859553107620318,0.0008996643124193995,8.545660082340923,1.8203558782884417,106.4,51.769999999999996,0.05,0.0225
7,431.01,0.73,0.8,3.281,0.32791,10.823,3.46,0.7634906591164068,0.8219138821979552,0.2728935448934439,3.431524455562919,0.0005873428782482965,11.646408461186796,3.6610270451700826,111.8,22.17,0.043,0.009999999999999998
8,431.02,0.73,0.8,1.474,0.161531,2.778,2.61,0.7634906591164068,0.8219138821979552,0.2728935448934439,1.541623604846005,0.000302156566252351,2.9936025846400014,2.7672549058316376,111.8,22.17,0.043,0.009999999999999998
9,260.01,0.62,0.63,1.603,1.525768,3.203,1.17,0.6194077992886586,0.6057601060867326,0.08646876782683181,1.6014688746124512,0.0008208287825530922,3.193565995286021,1.19887341117589,120.9,34.98,0.06,0.0115
10,280.01,0.78,0.95,2.45,0.206855,6.586,2.01,0.7900805559975849,0.8589489388094921,0.4940591882960441,2.4816632848642093,0.0002979062121788805,6.71796049672146,2.1933122027520557,118.6,27.67,0.039,0.0095
11,225.01,0.71,0.8,7.622,,45.364,1.57,0.7230280742438048,0.7644416483212579,0.25365590626681844,7.761859129417296,,46.561113257345816,-1,125.8,29.145,0.048,0.012
12,1211.01,1.14,0.98,3.132,0.547404,10.0,2.47,1.0264362910662508,1.0723011381894239,1.103136771601189,2.819998652297805,0.0011326488859228266,8.345939141664916,1.9378780872598507,138.6,38.11,0.066,0.0115
13,544.01,0.66,0.66,2.16,0.641268,5.318,3.88,0.6554503369517102,0.6660970063532713,0.12004485757075758,2.1451101936601424,0.0006181196193169125,5.245400087202031,3.8014436028705316,122.9,32.504999999999995,0.061,0.0115
14,125.03,0.85,0.91,2.748,2.696121,8.008,2.01,0.8541571080968179,0.8874704317095353,0.498401451650392,2.7614396859412422,0.0015246793741382097,8.053833591611978,2.055127039339175,130.2,27.424999999999997,0.05,0.011
15,125.02,0.85,0.91,3.057,0.363099,9.596,3.12,0.8541571080968179,0.8874704317095353,0.498401451650392,3.0719509170023205,0.0015023923268444653,9.651044461433608,3.193270896320397,130.2,27.424999999999997,0.05,0.011
16,125.01,0.85,0.91,2.652,0.187223,7.54,3.07,0.8541571080968179,0.8874704317095353,0.498401451650392,2.664970177262072,0.00033593231919650543,7.581991311829721,3.1450230671723514,130.2,27.424999999999997,0.05,0.011
17,139.01,0.7,0.69,3.079,0.309398,9.717,3.57,0.6888507454478261,0.7145828210825257,0.16096663129966887,3.0299592074769386,0.0010425525395193595,9.428134625200912,3.3843717066769936,120.3,31.130000000000003,0.058,0.0125
18,1892.01,0.8,0.95,1.404,1.319037,2.557,0.08,0.8066477200495772,0.863014738336555,0.5016403078613553,1.4156667486870078,0.0011589984978036029,2.5902781559083916,-1,124.8,28.44,0.042,0.009999999999999998
19,261.02,1.28,1.07,3.262,1.269619,10.72,2.78,1.1591986942779098,1.0474330327191748,1.644524149855878,2.9541454224488604,0.0014066619559777846,9.031122128899973,2.378974651820121,105.3,38.915,0.055,0.0165
20,261.01,1.28,1.07,2.912,0.240142,8.836,3.61,1.1591986942779098,1.0474330327191748,1.644524149855878,2.6371770294822445,0.00034013757204334505,7.448230601794676,3.082185987734595,105.3,38.915,0.055,0.0165
21,4190.01,0.82,0.85,2.149,1.413378,5.274,1.51,0.8134258222015194,0.8779181606353553,0.38659939400494026,2.131770843793982,0.0011632547924023931,5.190140897123142,1.4485400139643778,128.23,31.1,0.0507965,0.0125
22,2454.01,0.82,0.69,2.505,2.826206,6.842,2.74,0.7368995592696189,0.7979765999464974,0.21869915629409153,2.251138287768775,0.001490742007133017,5.693138372844282,2.072983667998702,102.3,24.935000000000002,0.056,0.01
23,442.01,0.61,0.59,4.65,0.164016,19.582,11.11,0.6661681708264371,0.6347330242943665,0.0759188115564783,5.078167203840874,0.0014957784723622185,22.656360511507074,12.303606509518474,157.0,55.75,0.018,0.021500000000000002
24,2467.01,0.81,0.8,1.774,1.722854,3.805,2.34,0.7941441363319532,0.850907310341344,0.3366418629160785,1.7392737010529444,0.0009268192304168082,3.6740139274072035,2.1688378933487447,121.0,25.14,0.052,0.0095
25,696.03,0.34,0.32,0.857,2.662543,0.559,0.45,0.33859708390970844,0.33194047645803415,0.014583509769276587,0.8534638262077061,0.0007525349245355939,0.5507445969086188,0.430613917893671,157.0,25.11,0.01,0.005
26,696.02,0.34,0.32,1.043,0.4390688,1.129,1.0,0.33859708390970844,0.33194047645803415,0.014583509769276587,1.0386963485818408,0.0004096602733466473,1.1135186841994897,0.960809198399775,157.0,25.11,0.01,0.005
27,696.01,0.34,0.32,0.972,0.563763,0.877,1.26,0.33859708390970844,0.33194047645803415,0.014583509769276587,0.967989310471284,0.0004302918301478911,0.8648791295389472,1.213011222253538,157.0,25.11,0.01,0.005
28,2810.01,1.05,1.07,2.109,0.153842,5.105,1.53,1.0482503687172944,1.0905000823344604,1.2440742228234571,2.1054857405950225,0.0002288321163069956,5.08195806753398,1.5087397095071868,120.883,37.71,0.0487588,0.0115
29,132.01,0.94,0.91,3.031,0.215204,9.458,5.03,0.9188799366247147,0.9793773684168101,0.6199270987282174,2.9628990296909685,0.00046818871385376464,9.07660315252192,4.593198891146534,130.5,36.785,0.053,0.014499999999999999
30,2345.02,0.76,0.73,2.34,1.4154048,6.095,1.38,0.7338922166857011,0.7841332720899994,0.2279990450372375,2.2596155092691323,0.0012767554039118745,5.72958503921011,1.2382882075466375,125.5,28.270000000000003,0.058,0.011
31,2345.01,0.76,0.73,1.42,1.7885791,2.607,2.02,0.7338922166857011,0.7841332720899994,0.2279990450372375,1.3712196680180204,0.0007090125193486579,2.4537210287646984,1.8139740719952224,125.5,28.270000000000003,0.058,0.011
32,2457.01,0.63,0.63,2.759,1.301711,8.062,2.9,0.6150575469778105,0.6160175504283434,0.08923769161375976,2.6935615430345696,0.0016417204637864525,7.720613066847341,2.8160983943985722,124.4,42.65,0.063,0.013999999999999999
33,244.01,0.41,0.4,1.312,1.810652,2.279,1.38,0.45150434888560004,0.4272712564769038,0.021222306651465135,1.4448139164339202,0.0008652517390168045,2.68147265197516,1.5513209173446474,157.0,29.27,0.012,0.0085
34,512.02,0.88,0.92,1.749,0.162156,3.715,0.92,0.8978696715329406,0.9576896103239209,0.5765837156835266,1.7845159721717196,0.0002562160396256846,3.837739118273088,0.9263194507289705,123.4,33.620000000000005,0.049,0.0125
35,512.01,0.88,0.92,1.525,1.174509,2.944,1.03,0.8978696715329406,0.9576896103239209,0.5765837156835266,1.5559673285087892,0.0006758369018146741,3.0410452013360367,1.0370777915614853,123.4,33.620000000000005,0.049,0.0125
36,279.01,0.73,0.69,1.853,0.183555,4.099,1.49,0.6934137838989015,0.7354530134523856,0.17290981115364415,1.7601311528283077,0.0005161237639642577,3.7491294916212796,1.3047186627979133,120.5,35.58,0.059,0.013000000000000001
37,2493.01,0.65,0.66,2.66,3.714904,7.574,0.3,0.6339248647040115,0.6517682317092152,0.1198292119887086,2.5942156001733396,0.0019380084345377204,7.243398655103938,-1,122.6,36.42,0.059,0.01
38,669.01,0.99,1.0,2.693,0.628328,7.735,3.14,0.9863367873679081,0.9301547761964116,0.8791247891735865,2.683035321597754,0.0012797709522050914,7.6694579228839785,3.257307838785527,101.4,34.96,0.042,0.0135
39,757.01,0.76,0.92,2.129,0.14027,5.188,1.35,0.7700589215486819,0.8342139244359027,0.4304147000587591,2.1571782157594,0.0002795973860700932,5.29559976672294,1.4727696203588394,118.1,33.56,0.041,0.009999999999999998
40,1891.01,1.22,1.1,8.367,,53.153,12.82,1.1794423952961202,1.3264594706336374,1.9265656653870762,8.088847968395605,0.006214723545409896,49.94009448129337,10.640577825090903,99999.9,40.155,99.999,0.1055
41,2446.01,0.99,1.08,4.208,0.693227,16.52,3.78,0.9895548354440905,1.0577554206423885,1.0959680800501859,4.206107825806801,0.001567677220130604,16.453774385920294,3.8192901055265764,127.1,30.99,0.048,0.010499999999999999
42,2427.01,0.68,0.64,1.995,0.411218,4.647,3.66,0.640563635719962,0.6616074009649469,0.10644912619905009,1.8793006665607708,0.0005150774144824894,4.190199976475936,3.228435095632797,120.9,49.26,0.065,0.017
43,942.01,0.91,0.81,3.521,0.272617,12.202,5.49,0.920133894724652,0.8885804071668991,0.4311302279634898,3.560210377280769,0.0005202816944407838,12.397590478214518,5.263425464193333,121.0,26.189999999999998,0.057,0.0135
44,166.01,1.0,0.94,9.856,3.267286,70.217,27.24,0.972524360106716,0.9919273214707027,0.7444220630405335,9.585200093211792,0.0026453546948006167,66.61949402289476,24.943600529629578,128.8,35.565,0.054,0.0195
45,2545.01,1.25,1.06,2.558,2.075654,7.087,2.19,1.1683117208893985,1.1883063071205302,1.647551305666598,2.390833105628065,0.0011989698837295319,6.305856393618502,1.7975887051280732,115.1,37.43,0.055,0.0185
46,286.02,0.79,0.86,1.999,0.351408,4.661,0.97,0.7898506232864081,0.8513820311292486,0.3850524465440962,1.9986220201892784,0.00046680983604167263,4.651834166511239,0.9734996122567597,122.5,30.284999999999997,0.047,0.01
47,286.01,0.79,0.86,1.487,0.397542,2.82,1.21,0.7898506232864081,0.8513820311292486,0.3850524465440962,1.4867188314264417,0.0003197849758456437,2.814846656818408,1.212682216709989,122.5,30.284999999999997,0.047,0.01
48,406.01,0.39,0.38,1.96,0.445934,4.509,2.33,0.4321432500490258,0.40675387005889163,0.017730952056202738,2.171796846400232,0.0006591394830942724,5.356672232395037,2.641776847209634,157.0,25.105,0.012,0.006999999999999999
49,406.02,0.39,0.38,1.273,3.296718,2.165,1.41,0.4321432500490258,0.40675387005889163,0.017730952056202738,1.4105598905446406,0.001355938642164952,2.574433722165504,1.5974928976624543,157.0,25.105,0.012,0.006999999999999999
50,553.03,0.88,0.91,2.732,0.199804,7.929,1.97,0.8639958880269448,0.9438787046332646,0.5362191697520977,2.682314506920015,0.0003043910581802603,7.665960034921934,1.86313645042207,126.5,27.535,0.049,0.009999999999999998
51,553.02,0.88,0.91,2.39,2.724066,6.315,1.88,0.8639958880269448,0.9438787046332646,0.5362191697520977,2.3465342868004524,0.001520821264218817,6.1087731411303245,1.776829105844174,126.5,27.535,0.049,0.009999999999999998
52,802.01,0.75,0.89,0.708,0.248636,0.283,0.13,0.7481543048694996,0.8166218732280014,0.3784568960759877,0.7062576637968077,0.0002994305527951868,0.2794138527390594,0.13230157931944403,104.6,40.89,0.037,0.015
53,707.01,1.02,0.94,2.407,1.012834,6.394,1.14,0.9938093980589154,1.0567510001517604,0.7700657158806452,2.345195314831186,0.000820569566911362,6.102856206001881,1.0026802060441489,107.3,32.46,0.05,0.0125
54,4191.01,1.1,1.05,2.276,1.328436,5.811,0.4,1.1263149711049096,1.0005803792298635,1.2652716306037533,2.330448067486158,0.0012464432425184462,6.037843938754023,0.4261530509087802,116.194,38.07,0.0502312,0.014499999999999999
55,2666.01,1.11,0.89,16.653,0.950689,317.0,10.16,1.1493652416549505,0.9528299566983625,0.8193623929533335,17.24358501736927,0.003414829137301521,43513.47765913039,-1,110.6,37.45,0.057,0.023
56,294.01,0.79,0.71,9.691,0.781804,68.231,28.19,0.7686808276043922,0.8011401960857158,0.22399123614998723,9.429475823182488,0.0018938751202450565,64.79236854255748,24.72514385055212,122.6,28.265,0.062,0.016
57,3493.01,1.21,1.06,3.388,1.125704,11.429,2.77,1.2278521878848887,1.0361870304112193,1.5921761152954832,3.4379861260776883,0.00108826256188645,11.683666467341498,2.876283461409322,126.031,40.675,0.0594473,0.016
58,179.01,0.8,0.85,2.676,0.701669,7.653,3.4,0.7944094127955064,0.8794650377508811,0.3745388260706655,2.657299485800969,0.0005104542942914901,7.544976660241394,3.2740557975623275,122.9,23.25,0.048,0.009999999999999998
59,559.01,1.21,1.1,12.227,0.562704,101.301,31.79,1.2431084273394746,0.9957222490856457,1.7155882391466468,12.56155929014856,0.0019548697612564617,-1.0,-1,124.7,34.03,0.055,0.0195
60,870.01,0.61,0.6,2.335,0.287695,6.071,1.95,0.6595109793274414,0.6371620130942229,0.075726633856452,2.5245215356222555,0.0010240111641370783,6.916121501735104,2.13036825872826,157.0,37.345,0.018,0.0135
61,133.01,0.65,0.67,2.204,0.640908,5.505,2.28,0.6384076343967365,0.6652118013349175,0.12390996074670584,2.1646929634006264,0.0007934397131033393,5.326958288169682,2.2168344105738775,118.6,30.689999999999998,0.056,0.012
62,871.01,0.73,0.81,1.687,1.3281828,3.492,1.06,0.7283604001816107,0.7744558928166336,0.2804361916810323,1.683210952200517,0.0006655466727759331,3.4752196179381145,1.084076682100811,117.4,26.245,0.045,0.008
63,251.01,0.96,1.04,2.881,2.832026,8.677,3.17,0.9471347595210394,1.0002379049531238,0.9249546725203553,2.8423908772709523,0.0018653461831396735,8.458765045685881,3.1755430426473845,119.2,38.095,0.045,0.013
64,864.01,0.4,0.39,1.345,0.650956,2.376,3.54,0.4262798404953398,0.4140753445595939,0.02054396341201104,1.43336596366558,0.0006975705308650863,2.6455001397850877,3.7851766685723582,157.0,56.11,0.012,0.014499999999999999
65,215.01,0.96,1.02,3.516,0.376811,12.174,2.58,0.951187073831881,0.8664584606103374,0.8846304292156589,3.483722657909264,0.001618315820782408,11.94877969048557,2.8274931721703633,133.1,35.06,0.048,0.0125
66,213.01,0.67,0.72,2.455,0.866388,6.612,1.84,0.6987095248504147,0.7439357682713198,0.18032337936438952,2.5601968410563702,0.0008046921279170103,7.082872683037121,1.9254140172153664,121.8,39.2,0.052,0.0135
67,213.02,0.67,0.72,1.221,1.12134,1.984,0.8,0.6987095248504147,0.7439357682713198,0.18032337936438952,1.2733198952870992,0.0007862689423009699,2.163754688086509,0.8513690869259014,121.8,39.2,0.052,0.0135
68,134.01,0.6,0.59,1.636,0.99583,3.314,2.7,0.6457614626043916,0.6240586365360444,0.07067948941195394,1.7607762547013077,0.0007808994430537149,3.7514627022614815,2.9354158345769576,157.0,37.72,0.018,0.013499999999999998
69,2179.01,1.13,1.02,10.594,0.625588,79.389,20.23,1.1342607329717462,1.0053254470647148,1.2334540104315288,10.633945314250159,0.001667990709926479,79.46214971957252,20.451611325452618,131.3,35.1,0.056,0.0195
70,703.02,0.88,0.95,2.56,2.229857,7.1,1.66,0.8865114219139664,0.9754627969021535,0.5885326527216612,2.5789423182951747,0.0012198834961985514,7.171144993921068,1.6498082568325942,126.7,32.614999999999995,99.999,0.012
71,703.01,0.88,0.95,2.368,0.143588,6.218,2.0,0.8865114219139664,0.9754627969021535,0.5885326527216612,2.3855216444230365,0.0007903307576676082,6.282090360178896,1.9879002865279196,126.7,32.614999999999995,99.999,0.012
72,2437.01,1.11,1.08,4.106,1.417944,15.849,5.57,1.107924573836553,1.07905881335929,1.3830914427106467,4.098322792948546,0.002414390650388933,15.744331049417632,5.53589874282884,130.2,43.894999999999996,0.055,0.028999999999999998
73,178.02,0.66,0.68,3.535,1.518233,12.286,4.66,0.6646855082852413,0.6753896785800568,0.13606365459887146,3.5600958663459514,0.003686768488008038,12.396913478607855,4.724765673163582,128.0,36.465,0.06,0.014
74,178.03,0.66,0.68,2.189,2.683399,5.441,2.09,0.6646855082852413,0.6753896785800568,0.13606365459887146,2.2045402691460505,0.0015352604863003072,5.494507294092744,2.1216963215791624,128.0,36.465,0.06,0.014
75,178.01,0.66,0.68,2.595,0.261272,7.263,3.21,0.6646855082852413,0.6753896785800568,0.13606365459887146,2.6134225666669715,0.0005053338657710959,7.334683645309313,3.2551949562627946,128.0,36.465,0.06,0.014
76,799.01,0.92,1.0,1.983,1.41966,4.598,1.66,0.9143434246821421,0.9799020761498963,0.7207539586070337,1.9708076208094434,0.000856156933181649,4.542455883240535,1.6634805896606366,133.5,29.57,0.047,0.0095
77,429.01,0.95,0.89,10.325,0.597895,75.993,2.44,0.9358667037290814,0.9194818630920336,0.5996958824894167,10.171393385266068,0.000948090179265041,73.68332021420008,-1,125.5,25.4,0.054,0.009999999999999998
78,704.01,0.5,0.5,1.091,0.060429,1.326,0.68,0.5646213428792509,0.5260218143790797,0.04390029520797362,1.2320037701625255,0.0002280380274930608,2.0459089888253383,1.0199009949694537,157.0,36.695,0.015,0.012
79,932.01,0.73,0.7,2.614,0.880506,7.353,2.22,0.7146296701551264,0.7552753530016987,0.18481852710076782,2.5589615860075345,0.0007042106464906271,7.07707166383306,2.0339275395405214,124.0,28.04,0.06,0.01
80,932.02,0.73,0.7,1.645,1.279294,3.348,1.36,0.7146296701551264,0.7552753530016987,0.18481852710076782,1.610364119733127,0.0007298898404910263,3.223740514772275,1.2435926361063876,124.0,28.04,0.06,0.01
81,486.01,0.43,0.42,0.655,0.109979,0.213,0.2,0.47207947364989794,0.4441685320443101,0.02483922074243516,0.7190978028853097,0.00025577953155677145,0.2980531869938089,0.271965361244138,157.0,34.58,0.013,0.0095
82,144.01,1.15,1.1,2.016,0.083249,4.729,1.54,1.1597291651297617,1.076388294774842,1.4927863984442056,2.033055649479652,0.0003661346453598337,4.788720258013214,1.5813308016670835,103.6,44.025000000000006,0.045,0.0215
83,904.01,0.53,0.53,2.492,0.177296,6.781,2.99,0.5798112552646345,0.5508591134134488,0.05173432000224045,2.7262068832442816,0.0009387660582108446,7.880149958541361,3.384396369727023,157.0,43.9,0.016,0.0135
84,2478.01,1.13,1.03,2.738,0.234119,7.957,3.61,1.1269049671011109,1.109267552967498,1.2252779436626637,2.7305007078963204,0.0005034218869581764,7.901233483955388,3.4083977205749556,131.4,46.825,0.056,0.0215
85,518.01,1.03,1.07,3.285,4.193206,10.846,2.54,1.0311909098830956,1.034338781664468,1.1987617639700505,3.2887981931708437,0.0023522642534535405,10.835974003703583,2.5909637019986245,121.6,42.795,0.048,0.0215
86,118.01,1.05,0.97,4.647,0.263023,19.556,7.01,1.0366096353964893,1.0825727000718388,0.933942277591878,4.58773807208332,0.00047146267473196444,19.067916912367952,6.3522698366856485,126.4,34.135000000000005,0.055,0.0115
87,2194.01,0.69,0.74,1.957,0.665478,4.496,1.41,0.6915073402041441,0.7285009742219222,0.20028617188729098,1.9612751663471162,0.0005879975588256263,4.505216536152548,1.4322068261446856,121.9,29.165,0.049,0.012
88,2494.01,0.9,0.93,9.541,0.59366,66.448,21.92,0.8778436618844351,0.9389181082035039,0.6126188746199575,9.30611819782155,0.0011905380892626425,63.3598588021752,20.804042493349076,129.1,34.59,0.048,0.0125
89,2494.02,0.9,0.93,2.237,0.214017,5.644,2.82,0.8778436618844351,0.9389181082035039,0.6126188746199575,2.1819291907060903,0.00030905927169112975,5.3991710194962605,2.6861524147813456,129.1,34.59,0.048,0.0125
90,1062.01,0.89,0.89,2.084,1.737583,5.004,2.16,0.867666268823928,0.9363487544603368,0.5321185998312667,2.0317039373360295,0.0007357908685271279,4.783315971565267,1.994348209734061,124.6,30.849999999999998,0.051,0.0095
91,4186.01,0.88,0.94,2.301,1.509086,5.923,1.69,0.8861354016033467,0.9500573615255261,0.6031253715554424,2.3170426807832962,0.0011710269212209879,5.978995693714503,1.6929762508139967,126.281,27.240000000000002,0.0476382,0.0125
92,2322.01,0.7,0.7,1.611,0.149524,3.231,0.96,0.6846778492401014,0.7278885097474108,0.1728366236695409,1.5757371644654334,0.00022559867834666422,3.1069365972793275,0.9011767568811374,125.1,30.685,0.057,0.010499999999999999
93,175.02,0.31,0.29,1.2,1.006423,1.865,1.38,0.326444637002745,0.30546149039144455,0.01136019599184683,1.2636566593654646,0.0006309394714961952,2.1359495240982813,1.5420775155880264,157.0,26.95,0.009,0.006
94,175.01,0.31,0.29,1.479,0.130027,2.794,2.62,0.326444637002745,0.30546149039144455,0.01136019599184683,1.5574568326679352,0.0004253594639956194,3.045989376406881,2.779046920156287,157.0,26.95,0.009,0.006
95,175.03,0.31,0.29,1.062,0.1595,1.205,1.33,0.326444637002745,0.30546149039144455,0.01136019599184683,1.1183361435384362,0.0004948829834984365,1.4510856607428415,1.5606151747336696,157.0,26.95,0.009,0.006
96,199.01,0.88,0.88,10.111,0.608632,73.329,10.82,0.8654968414643857,0.9324741378298468,0.4864129545562616,9.944362004598187,0.001042880850261017,70.91283220950785,10.073365086641777,126.9,27.285,0.051,0.0095
97,208.01,0.98,0.98,3.018,0.208295,9.388,2.16,0.9697179286349645,1.046672106248073,0.7937838882412852,2.986335416959513,0.0008233161482980709,9.198833152581788,2.0223219422726526,131.4,37.17,0.051,0.013000000000000001
98,314.01,0.78,0.78,2.647,0.238474,7.516,2.62,0.7549182433590335,0.7889649348959163,0.28054003841550007,2.561882807912002,0.0005017337531726641,7.090793492760249,2.4502428252438118,121.8,25.14,0.051,0.014499999999999999
99,2443.01,0.73,0.66,2.687,0.547048,7.707,2.6,0.6774122928560574,0.700729554546362,0.14118986974791745,2.493434014937296,0.0005662838807367731,6.772148163229271,2.193614839315566,131.3,26.835,0.071,0.010499999999999999
100,2634.01,0.96,0.95,5.842,0.320057,28.864,0.89,1.0699782349286697,0.8236417640204515,0.7019611256815614,6.51126338380551,0.004210956977457486,34.55261508174273,-1,99999.9,27.92,99.999,0.072
101,1861.01,1.06,1.01,10.96,0.589148,84.105,2.48,1.052995846101633,1.0247494811746753,0.965375329949109,10.88757969176783,0.0012786190568823464,82.70666080879671,-1,135.4,39.015,0.055,0.013500000000000002
102,1074.01,0.74,0.85,2.85,0.606208,8.52,2.52,0.7516864529638762,0.7827655081181203,0.31725769926297104,2.8950086364149286,0.0012299584648724226,8.726331095623971,2.7296678857743464,134.7,37.629999999999995,0.048,0.0135
103,724.01,0.88,0.92,2.024,1.6004862,4.76,2.18,0.8569045871292309,0.9154393374317081,0.5621490957156274,1.970880550397231,0.0008410185389286001,4.542741274426539,2.088165933962812,125.0,37.05,0.049,0.013
104,2507.01,0.92,1.05,2.766,0.23514795,8.098,1.94,0.9258844940632431,0.9926424357427446,0.8608185684158226,2.7836918593249242,0.0011213614028349448,8.164328568946356,2.0283902439703887,129.1,37.405,0.043,0.010499999999999999
105,1207.01,1.11,1.1,1.196,0.319915,1.843,0.8,1.1281656523204848,1.1395920977520233,1.3404337781788689,1.2155730812390089,0.0005701132350781092,1.9564708601884948,0.8309544513395478,127.2,49.01,0.05,0.020499999999999997
106,2196.01,1.03,1.02,3.503,4.726927,12.098,7.19,1.003292818985569,1.0331349842799353,0.9952839385641044,3.412169655248979,0.0024564787300763798,11.535101493503804,6.800822923831187,129.2,37.995,0.05,0.023
107,561.03,0.84,0.95,2.729,0.743704,7.914,2.06,0.8519913049176016,0.9044528869988346,0.5693295981497364,2.7679574656192085,0.0015412509402597382,8.086134064307684,2.1773933965056225,123.5,31.75,0.045,0.014
108,561.01,0.84,0.95,2.732,0.192305,7.926,2.37,0.8519913049176016,0.9044528869988346,0.5693295981497364,2.7710002917081997,0.00044777012208508825,8.101231732693318,2.507573388446966,123.5,31.75,0.045,0.014
109,561.02,0.84,0.95,1.472,0.11001,2.772,2.4,0.8519913049176016,0.9044528869988346,0.5693295981497364,1.493013334331797,0.0002430674130531904,2.8351100802963094,2.536124742861526,123.5,31.75,0.045,0.014
110,924.01,0.99,1.01,18.668,1.8378054,317.0,87.57,1.03327435291569,0.9163658888102886,0.9153646540381659,19.484005677000102,0.0024440744261649285,49985.06203772332,13328.180899306071,128.9,44.655,0.048,0.017
111,283.01,0.81,0.9,2.341,0.215721,6.098,1.61,0.8063378082050427,0.8715830311531749,0.4470139575197551,2.33041581359013,0.00041033218533017044,6.037702063306689,1.6261854016307467,127.1,31.41,0.048,0.010499999999999999
112,3353.02,1.02,1.0,2.823,0.39053297,8.385,2.59,1.0239424856856547,1.066945903187762,0.9584385974207241,2.833911408912356,0.0006642812409737592,8.415966984956714,2.4948438193230382,125.639,44.715,0.0516508,0.014499999999999999
113,3353.01,1.02,1.0,2.636,0.32093504,7.461,2.85,1.0239424856856547,1.066945903187762,0.9584385974207241,2.646188619869986,0.0005446662780725263,7.491493665325494,2.7456889319221385,125.639,44.715,0.0516508,0.014499999999999999
114,2227.01,1.21,1.03,3.009,4.098167,9.341,3.62,1.0925161291717869,1.1517064447583576,1.3990472136821925,2.7168438286594268,0.0019130146371140314,7.83425583954509,2.8211416001825023,121.1,32.545,0.059,0.0125
115,1063.01,0.79,0.9,2.242,1.50487,5.666,1.8,0.7896435722284197,0.855673077975163,0.4291080790461108,2.240988467007743,0.0010185991729793943,5.649626416408128,1.8564863622308372,122.7,33.225,0.045,0.01
116,562.01,0.36,0.35,1.298,0.05855,2.237,1.84,0.38484442940880126,0.3601505292604972,0.016378091807324153,1.3875779704795113,0.00023437461144835807,2.5036258867517835,2.0040693123948654,157.0,26.134999999999998,0.011,0.006999999999999999
117,2429.01,0.84,0.97,2.566,0.223368,7.128,2.42,0.9140843260786577,0.9678800264270555,0.6132849994176208,2.7923099770450426,0.0009250248653172914,8.207288655757734,2.792742684234153,142.9,39.175,0.052,0.018500000000000003
118,174.02,0.69,0.78,1.485,0.114917,2.811,0.68,0.7335967539766056,0.7821297371321605,0.23389835837956113,1.5788277966018252,0.00016273078019018035,3.117289870392419,0.7574498768331388,111.6,19.025,0.042,0.008
119,174.01,0.69,0.78,2.096,0.242102,5.052,1.46,0.7335967539766056,0.7821297371321605,0.23389835837956113,2.2284330381666164,0.0002345688812186831,5.595991683516726,1.6185317796566625,111.6,19.025,0.042,0.008
120,174.03,0.69,0.78,1.106,0.095639,1.392,0.46,0.7335967539766056,0.7821297371321605,0.23389835837956113,1.1758811737653998,0.00011764643557476257,1.736989791499004,0.56897860015599,111.6,19.025,0.042,0.008
121,174.04,0.69,0.78,0.794,0.07649,0.426,0.2,0.7335967539766056,0.7821297371321605,0.23389835837956113,0.8441678589238042,8.651960693823153e-05,0.52954461308431,0.2517884207268576,111.6,19.025,0.042,0.008
122,682.01,1.08,0.85,3.639,0.252097,12.908,4.84,0.9728825621069848,0.9487881001235411,0.6846399845222257,3.2780737439882563,0.00046094497854504406,10.77605068165246,3.7597418068894934,131.4,35.345,0.069,0.014499999999999999
123,836.01,0.69,0.66,2.644,0.246702,7.5,3.09,0.6813092284523329,0.6943870900076007,0.13607885630757166,2.6106979710550267,0.00038847430529068816,7.321705862753942,2.9147670019779532,119.7,30.28,0.061,0.0115
124,836.02,0.69,0.66,1.695,0.158074,3.522,1.9,0.6813092284523329,0.6943870900076007,0.13607885630757166,1.6736509307633398,0.0002770434850397128,3.441775069966929,1.7959956335758585,119.7,30.28,0.061,0.0115
